index,Coef.,Std.Err.,z,P>|z|,[0.025,0.975],ch_name,Condition,Significant,P_fdr,SIG
ch_name[S10_D18 hbo]:Condition[A],-4.06929890878348e-09,8.54628068430389e-08,-0.04761485211054629,0.9620231951829705,-1.7157332233884304e-07,1.6343472452127608e-07,S10_D18 hbo,A,False,0.9961529137320693,False
ch_name[S10_D20 hbo]:Condition[A],1.6274215379511092e-09,8.54628068430389e-08,0.01904245364817041,0.9848072384271792,-1.6587660189210845e-07,1.6913144496801067e-07,S10_D20 hbo,A,False,0.9961529137320693,False
ch_name[S10_D22 hbo]:Condition[A],7.162408409309699e-08,8.54628068430389e-08,0.838073154145778,0.4019896192503155,-9.587993933696257e-08,2.391281075231565e-07,S10_D22 hbo,A,False,0.9165904054314674,False
ch_name[S10_D30 hbo]:Condition[A],1.8291999139005673e-07,3.062948759639191e-07,0.597202257512151,0.5503723521616788,-4.1740693414838786e-07,7.832469169285013e-07,S10_D30 hbo,A,False,0.9441133410853934,False
ch_name[S11_D19 hbo]:Condition[A],-1.1633853308178623e-07,8.54628068430389e-08,-1.3612767632995453,0.17342624336951917,-2.838425565118458e-07,5.116549034827333e-08,S11_D19 hbo,A,False,0.8397481257892507,False
ch_name[S11_D21 hbo]:Condition[A],-9.166442245458588e-08,8.546280684303891e-08,-1.0725650822928958,0.2834662984891373,-2.591684458846455e-07,7.58396009754737e-08,S11_D21 hbo,A,False,0.9165904054314674,False
ch_name[S11_D23 hbo]:Condition[A],-3.877815160832242e-08,8.54628068430389e-08,-0.45374301454365323,0.6500138032343854,-2.06282175038382e-07,1.2872587182173712e-07,S11_D23 hbo,A,False,0.9628539900786605,False
ch_name[S12_D20 hbo]:Condition[A],-8.123101820064941e-08,8.54628068430389e-08,-0.9504838560923748,0.34186645307880437,-2.48735041630709e-07,8.627300522941015e-08,S12_D20 hbo,A,False,0.9165904054314674,False
ch_name[S12_D21 hbo]:Condition[A],-6.101595155757269e-08,8.54628068430389e-08,-0.7139474329416148,0.47525968527201745,-2.2851997498763226e-07,1.0648807187248687e-07,S12_D21 hbo,A,False,0.9165904054314674,False
ch_name[S12_D22 hbo]:Condition[A],2.1695646400200817e-08,8.546280684303892e-08,0.253860681641864,0.7996031913907432,-1.458083770298588e-07,1.8919966983026041e-07,S12_D22 hbo,A,False,0.9961529137320693,False
ch_name[S12_D24 hbo]:Condition[A],-8.962419048178768e-08,8.546280684303891e-08,-1.0486923352095323,0.29431974308219844,-2.571282139118473e-07,7.78798329482719e-08,S12_D24 hbo,A,False,0.9165904054314674,False
ch_name[S13_D21 hbo]:Condition[A],-1.017473330562061e-07,8.546280684303892e-08,-1.1905451835097736,0.23383218208004586,-2.692513564862657e-07,6.575669037385351e-08,S13_D21 hbo,A,False,0.8752826851261408,False
ch_name[S13_D23 hbo]:Condition[A],-6.671703998951764e-08,8.54628068430389e-08,-0.7806558484797983,0.43500493491093695,-2.342210634195772e-07,1.0078698344054192e-07,S13_D23 hbo,A,False,0.9165904054314674,False
ch_name[S13_D24 hbo]:Condition[A],-8.496554180963718e-08,8.54628068430389e-08,-0.9941815036064169,0.3201345112873223,-2.524695652396967e-07,8.253848162042238e-08,S13_D24 hbo,A,False,0.9165904054314674,False
ch_name[S13_D25 hbo]:Condition[A],-6.798036579608853e-08,8.546280684303891e-08,-0.7954380192654021,0.42635875158349956,-2.354843892261481e-07,9.952365763397106e-08,S13_D25 hbo,A,False,0.9165904054314674,False
ch_name[S13_D31 hbo]:Condition[A],4.858774343050383e-08,3.0629487596391913e-07,0.1586306113597126,0.873959909783475,-5.517391821079409e-07,6.489146689689485e-07,S13_D31 hbo,A,False,0.9961529137320693,False
ch_name[S14_D22 hbo]:Condition[A],-1.5732426794148485e-07,8.546280684303891e-08,-1.8408507016441291,0.06564344043827804,-3.248282913715444e-07,1.0179755488574732e-08,S14_D22 hbo,A,False,0.5713854602871231,False
ch_name[S14_D24 hbo]:Condition[A],-4.879691854004635e-08,8.54628068430389e-08,-0.5709725709063924,0.5680182361236243,-2.163009419701059e-07,1.1870710489001321e-07,S14_D24 hbo,A,False,0.9441133410853934,False
ch_name[S14_D26 hbo]:Condition[A],-1.6949201641084966e-08,8.546280684303888e-08,-0.19832254833630605,0.8427927110328028,-1.844532250711445e-07,1.5055482178897456e-07,S14_D26 hbo,A,False,0.9961529137320693,False
ch_name[S15_D11 hbo]:Condition[A],2.535698971455409e-08,8.546280684303891e-08,0.2967020467877303,0.7666939942601652,-1.4214703371550548e-07,1.9286101314461369e-07,S15_D11 hbo,A,False,0.9961529137320693,False
ch_name[S15_D14 hbo]:Condition[A],5.227142970254745e-08,8.546280684303888e-08,0.6116278137055484,0.5407840316364959,-1.1523259372751209e-07,2.1977545313260697e-07,S15_D14 hbo,A,False,0.9441133410853934,False
ch_name[S15_D25 hbo]:Condition[A],1.577906216849465e-08,8.546280684303891e-08,0.18463075051436698,0.8535186651569089,-1.5172496126156492e-07,1.8328308559855425e-07,S15_D25 hbo,A,False,0.9961529137320693,False
ch_name[S16_D14 hbo]:Condition[A],6.477417631382823e-08,8.546280684303891e-08,0.7579224074958427,0.4484974350748874,-1.0272984711623135e-07,2.3227819974388783e-07,S16_D14 hbo,A,False,0.9165904054314674,False
ch_name[S16_D25 hbo]:Condition[A],9.334849586253387e-08,8.54628068430389e-08,1.092270419271132,0.27471425826207896,-7.415552756752569e-08,2.6085251929259344e-07,S16_D25 hbo,A,False,0.9165904054314674,False
ch_name[S16_D26 hbo]:Condition[A],-4.358429870088165e-08,8.546280684303892e-08,-0.5099797246412539,0.6100656664554875,-2.1108832213094126e-07,1.2391972472917797e-07,S16_D26 hbo,A,False,0.9441133410853934,False
ch_name[S16_D27 hbo]:Condition[A],-3.220553977633996e-08,8.54628068430389e-08,-0.37683690679020987,0.7062948115418486,-1.9970956320639952e-07,1.352984836537196e-07,S16_D27 hbo,A,False,0.9743060704991442,False
ch_name[S16_D32 hbo]:Condition[A],2.479771178320109e-07,3.062948759639191e-07,0.8096025669760866,0.41816863228708934,-3.523498077064337e-07,8.483040433704555e-07,S16_D32 hbo,A,False,0.9165904054314674,False
ch_name[S17_D13 hbo]:Condition[A],9.972028274239141e-08,8.546280684303892e-08,1.166826674971462,0.24328037224782384,-6.77837406876682e-08,2.67224306172451e-07,S17_D13 hbo,A,False,0.8752826851261408,False
ch_name[S17_D14 hbo]:Condition[A],2.2930664728650166e-07,8.54628068430389e-08,2.683116267262864,0.0072939627504152995,6.18026238564421e-08,3.968106707165612e-07,S17_D14 hbo,A,True,0.26129440982606306,False
ch_name[S17_D27 hbo]:Condition[A],1.4852445124699846e-08,8.54628068430389e-08,0.17378840776874865,0.8620317550211803,-1.526515783053597e-07,1.823564685547594e-07,S17_D27 hbo,A,False,0.9961529137320693,False
ch_name[S18_D26 hbo]:Condition[A],1.9043115179328486e-08,8.546280684303891e-08,0.22282342322670368,0.8236729371756111,-1.484609082507311e-07,1.8654713860938807e-07,S18_D26 hbo,A,False,0.9961529137320693,False
ch_name[S18_D27 hbo]:Condition[A],-9.944775904220149e-08,8.54628068430389e-08,-1.1636378761213328,0.2445707951306879,-2.6695178247226105e-07,6.805626438785807e-08,S18_D27 hbo,A,False,0.8752826851261408,False
ch_name[S19_D33 hbo]:Condition[A],-3.312985553857155e-07,3.062948759639191e-07,-1.0816327055524815,0.2794157659323635,-9.316254809241602e-07,2.690283701527291e-07,S19_D33 hbo,A,False,0.9165904054314674,False
ch_name[S19_D4 hbo]:Condition[A],-1.071379853429118e-07,8.54628068430389e-08,-1.253621186812663,0.20997972662954834,-2.7464200877297136e-07,6.036603808714776e-08,S19_D4 hbo,A,False,0.8752826851261408,False
ch_name[S19_D6 hbo]:Condition[A],1.8995380138219744e-08,8.546280684303891e-08,0.2222648756798578,0.8241076933841204,-1.4850864329183985e-07,1.8649940356827932e-07,S19_D6 hbo,A,False,0.9961529137320693,False
ch_name[S19_D8 hbo]:Condition[A],7.515572778309775e-08,8.54628068430389e-08,0.8793969044467362,0.37918610996023083,-9.23482956469618e-08,2.426597512131573e-07,S19_D8 hbo,A,False,0.9165904054314674,False
ch_name[S1_D2 hbo]:Condition[A],-7.440829114986792e-08,8.54628068430389e-08,-0.8706511510501438,0.3839446582111372,-2.4191231457992746e-07,9.309573228019164e-08,S1_D2 hbo,A,False,0.9165904054314674,False
ch_name[S1_D4 hbo]:Condition[A],-1.7580471600790394e-07,8.546280684303891e-08,-2.0570903589767076,0.03967753492423414,-3.433087394379635e-07,-8.300692577844352e-09,S1_D4 hbo,A,True,0.4901907176697289,False
ch_name[S20_D3 hbo]:Condition[A],-3.491593945566728e-08,8.54628068430389e-08,-0.40855128383267286,0.6828689878990715,-2.0241996288572684e-07,1.3258808397439227e-07,S20_D3 hbo,A,False,0.9743060704991442,False
ch_name[S20_D5 hbo]:Condition[A],-7.093628126894998e-08,8.546280684303888e-08,-0.8300251757379283,0.40652454972046603,-2.384403046990095e-07,9.656774216110956e-08,S20_D5 hbo,A,False,0.9165904054314674,False
ch_name[S20_D6 hbo]:Condition[A],-3.896309058275863e-08,8.54628068430389e-08,-0.45590698482812875,0.6484568665427222,-2.0646711401281818e-07,1.2854093284730093e-07,S20_D6 hbo,A,False,0.9628539900786605,False
ch_name[S20_D7 hbo]:Condition[A],-8.033261762659245e-08,8.54628068430389e-08,-0.939971674159163,0.34723209040081304,-2.47836641056652e-07,8.717140580346711e-08,S20_D7 hbo,A,False,0.9165904054314674,False
ch_name[S21_D10 hbo]:Condition[A],-8.14791874905248e-08,8.546280684303892e-08,-0.953387684073723,0.34039367919365926,-2.489832109205844e-07,8.602483593953481e-08,S21_D10 hbo,A,False,0.9165904054314674,False
ch_name[S21_D6 hbo]:Condition[A],-6.203223829124623e-08,8.546280684303891e-08,-0.725839000410725,0.4679374750886829,-2.295362617213058e-07,1.0547178513881335e-07,S21_D6 hbo,A,False,0.9165904054314674,False
ch_name[S21_D7 hbo]:Condition[A],-9.217554673941074e-08,8.546280684303892e-08,-1.0785457457382652,0.28079027836462034,-2.5967957016947036e-07,7.532847669064887e-08,S21_D7 hbo,A,False,0.9165904054314674,False
ch_name[S21_D8 hbo]:Condition[A],-1.757962637784882e-08,8.54628068430389e-08,-0.20569914594702682,0.837025925729856,-1.8508364980790838e-07,1.4992439705221074e-07,S21_D8 hbo,A,False,0.9961529137320693,False
ch_name[S22_D5 hbo]:Condition[A],-1.3487148550876272e-07,8.54628068430389e-08,-1.5781307739689368,0.11453556968220856,-3.0237550893882225e-07,3.263253792129684e-08,S22_D5 hbo,A,False,0.702123103135983,False
ch_name[S22_D7 hbo]:Condition[A],-4.331540899457793e-08,8.546280684303892e-08,-0.5068334471407083,0.6122716858695926,-2.1081943242463756e-07,1.2418861443548166e-07,S22_D7 hbo,A,False,0.9441133410853934,False
ch_name[S22_D9 hbo]:Condition[A],-6.891461147318095e-08,8.54628068430389e-08,-0.8063696246222011,0.4200297559007823,-2.364186349032405e-07,9.858941195687861e-08,S22_D9 hbo,A,False,0.9165904054314674,False
ch_name[S23_D10 hbo]:Condition[A],-8.113710665440925e-08,8.54628068430389e-08,-0.9493849974226305,0.3424248378517796,-2.4864113008446883e-07,8.636691677565031e-08,S23_D10 hbo,A,False,0.9165904054314674,False
ch_name[S23_D12 hbo]:Condition[A],-4.11407232730534e-08,8.54628068430389e-08,-0.481387457219987,0.6302411494471324,-2.0864474670311295e-07,1.2636330015700617e-07,S23_D12 hbo,A,False,0.9604522320022175,False
ch_name[S23_D8 hbo]:Condition[A],2.625206945498475e-08,8.546280684303891e-08,0.30717537165844944,0.7587098904781321,-1.4125195397507483e-07,1.9375609288504434e-07,S23_D8 hbo,A,False,0.9961529137320693,False
ch_name[S24_D10 hbo]:Condition[A],-8.282559355165965e-08,8.546280684303891e-08,-0.9691419766235532,0.3324743564056607,-2.5032961698171926e-07,8.467842987839993e-08,S24_D10 hbo,A,False,0.9165904054314674,False
ch_name[S24_D11 hbo]:Condition[A],-7.666748747057626e-08,8.54628068430389e-08,-0.8970859991924192,0.36967302903239163,-2.441715109006358e-07,9.08365359594833e-08,S24_D11 hbo,A,False,0.9165904054314674,False
ch_name[S24_D34 hbo]:Condition[A],2.0048731035697912e-07,3.0629487596391913e-07,0.6545565273530599,0.5127533212883102,-3.998396151814656e-07,8.008142358954238e-07,S24_D34 hbo,A,False,0.9295232622369368,False
ch_name[S24_D7 hbo]:Condition[A],-4.4433098210823115e-08,8.54628068430389e-08,-0.5199115246990308,0.6031252424723152,-2.1193712164088267e-07,1.2307092521923645e-07,S24_D7 hbo,A,False,0.9441133410853934,False
ch_name[S24_D9 hbo]:Condition[A],-8.86641499746012e-09,8.54628068430389e-08,-0.10374589046372172,0.917371007796633,-1.7637043842751967e-07,1.5863760843259945e-07,S24_D9 hbo,A,False,0.9961529137320693,False
ch_name[S25_D11 hbo]:Condition[A],5.643996072797872e-08,8.546280684303891e-08,0.660403780461323,0.5089947468039432,-1.1106406270208087e-07,2.239439841580383e-07,S25_D11 hbo,A,False,0.9272775585339164,False
ch_name[S25_D12 hbo]:Condition[A],7.346828997059743e-08,8.546280684303891e-08,0.8596522005827563,0.3899807909064976,-9.403573345946215e-08,2.40972313400657e-07,S25_D12 hbo,A,False,0.9165904054314674,False
ch_name[S25_D13 hbo]:Condition[A],1.5263338193489342e-07,8.546280684303891e-08,1.7859626611049655,0.07410530403142443,-1.4870641495166166e-08,3.20137405364953e-07,S25_D13 hbo,A,False,0.6060167085236486,False
ch_name[S25_D14 hbo]:Condition[A],1.3742741117023677e-07,8.546280684303891e-08,1.6080376510759367,0.10782693294746717,-3.007661225982281e-08,3.0493143460029636e-07,S25_D14 hbo,A,False,0.702123103135983,False
ch_name[S25_D35 hbo]:Condition[A],3.2769109999257807e-09,3.062948759639191e-07,0.010698549852044518,0.9914639550882011,-5.970500145385188e-07,6.036038365383704e-07,S25_D35 hbo,A,False,0.9961529137320693,False
ch_name[S26_D12 hbo]:Condition[A],1.078649525423395e-08,8.546280684303891e-08,0.1262127427436878,0.8995635247784084,-1.5671752817582564e-07,1.7829051868429353e-07,S26_D12 hbo,A,False,0.9961529137320693,False
ch_name[S26_D13 hbo]:Condition[A],-7.598774204194486e-08,8.546280684303891e-08,-0.8891323003409428,0.37393198146442364,-2.434917654720044e-07,9.151628138811473e-08,S26_D13 hbo,A,False,0.9165904054314674,False
ch_name[S2_D1 hbo]:Condition[A],-1.2860950733777548e-07,8.546280684303891e-08,-1.5048593895819482,0.13236023100649233,-2.9611353076783507e-07,3.8894516092284104e-08,S2_D1 hbo,A,False,0.702123103135983,False
ch_name[S2_D2 hbo]:Condition[A],-1.1146381032429166e-07,8.54628068430389e-08,-1.3042376495895605,0.1921525666721987,-2.7896783375435123e-07,5.60402131057679e-08,S2_D2 hbo,A,False,0.8752826851261408,False
ch_name[S2_D28 hbo]:Condition[A],-5.730576200724363e-07,3.062948759639191e-07,-1.8709344002866746,0.06135417416343276,-1.1733845456108808e-06,2.7269305466008277e-08,S2_D28 hbo,A,False,0.5713854602871231,False
ch_name[S2_D3 hbo]:Condition[A],-9.342647903433481e-08,8.546280684303891e-08,-1.0931829000880113,0.27431350339339844,-2.609305024643944e-07,7.407754439572478e-08,S2_D3 hbo,A,False,0.9165904054314674,False
ch_name[S3_D2 hbo]:Condition[A],-3.818538780401092e-08,8.546280684303891e-08,-0.4468070873700913,0.6550143535934292,-2.056894112340705e-07,1.2931863562604866e-07,S3_D2 hbo,A,False,0.9628539900786605,False
ch_name[S3_D3 hbo]:Condition[A],3.3966697289154425e-08,8.54628068430389e-08,0.39744420460631147,0.691039923542317,-1.3353732614090513e-07,2.01470720719214e-07,S3_D3 hbo,A,False,0.9743060704991442,False
ch_name[S3_D4 hbo]:Condition[A],9.885787333577428e-08,8.54628068430389e-08,1.1567356255609154,0.24738038975864973,-6.864615009428528e-08,2.6636189676583383e-07,S3_D4 hbo,A,False,0.8752826851261408,False
ch_name[S3_D6 hbo]:Condition[A],-3.842551725617745e-08,8.546280684303888e-08,-0.4496168412389007,0.6529867425171443,-2.05929540686237e-07,1.2907850617388207e-07,S3_D6 hbo,A,False,0.9628539900786605,False
ch_name[S4_D1 hbo]:Condition[A],-8.351586000168272e-08,8.54628068430389e-08,-0.977218781909048,0.3284608515552876,-2.5101988343174225e-07,8.398816342837683e-08,S4_D1 hbo,A,False,0.9165904054314674,False
ch_name[S4_D3 hbo]:Condition[A],-1.1087656837603035e-07,8.546280684303888e-08,-1.2973663336340733,0.19450517052471716,-2.7838059180608987e-07,5.662745505402918e-08,S4_D3 hbo,A,False,0.8752826851261408,False
ch_name[S4_D5 hbo]:Condition[A],-2.1119682421280526e-08,8.54628068430389e-08,-0.2471213291656681,0.8048143272659718,-1.8862370585134008e-07,1.4638434100877904e-07,S4_D5 hbo,A,False,0.9961529137320693,False
ch_name[S5_D15 hbo]:Condition[A],-1.2758847211098764e-07,8.54628068430389e-08,-1.4929122600117357,0.13546015548605325,-2.950924955410472e-07,3.991555131907192e-08,S5_D15 hbo,A,False,0.702123103135983,False
ch_name[S5_D16 hbo]:Condition[A],-1.3732496777246658e-07,8.54628068430389e-08,-1.6068389612416756,0.10808969903165143,-3.0482899120252616e-07,3.017905565759298e-08,S5_D16 hbo,A,False,0.702123103135983,False
ch_name[S5_D17 hbo]:Condition[A],-9.935151479738113e-08,8.54628068430389e-08,-1.1625117225537684,0.24502766580124047,-2.668555382274407e-07,6.815250863267843e-08,S5_D17 hbo,A,False,0.8752826851261408,False
ch_name[S5_D29 hbo]:Condition[A],-2.0984284107964859e-07,3.062948759639191e-07,-0.6851007233446754,0.493280363838966,-8.101697666180932e-07,3.90484084458796e-07,S5_D29 hbo,A,False,0.9214577354961395,False
ch_name[S6_D16 hbo]:Condition[A],2.03211969783138e-08,8.54628068430389e-08,0.23777825382725537,0.8120530859314462,-1.4718282645174576e-07,1.8782522040837336e-07,S6_D16 hbo,A,False,0.9961529137320693,False
ch_name[S6_D18 hbo]:Condition[A],-6.52930617667552e-08,8.54628068430389e-08,-0.7639938843416707,0.4448708870851421,-2.3279708519681476e-07,1.0221096166330436e-07,S6_D18 hbo,A,False,0.9165904054314674,False
ch_name[S7_D15 hbo]:Condition[A],-7.298464071938204e-08,8.54628068430389e-08,-0.8539930224082826,0.39310885552832464,-2.4048866414944163e-07,9.451938271067751e-08,S7_D15 hbo,A,False,0.9165904054314674,False
ch_name[S7_D17 hbo]:Condition[A],-6.748103516940874e-08,8.546280684303891e-08,-0.7895953533721924,0.4297641227860127,-2.3498505859946833e-07,1.0002298826065085e-07,S7_D17 hbo,A,False,0.9165904054314674,False
ch_name[S7_D19 hbo]:Condition[A],-6.435009338213253e-08,8.546280684303891e-08,-0.7529602146149726,0.451473822155086,-2.318541168121921e-07,1.0315393004792705e-07,S7_D19 hbo,A,False,0.9165904054314674,False
ch_name[S8_D16 hbo]:Condition[A],-7.220299685675849e-08,8.54628068430389e-08,-0.8448470103417807,0.39819626338637326,-2.39707020286818e-07,9.530102657330107e-08,S8_D16 hbo,A,False,0.9165904054314674,False
ch_name[S8_D17 hbo]:Condition[A],-2.1070138729986454e-08,8.54628068430389e-08,-0.24654161860941332,0.8052629914481342,-1.88574162160046e-07,1.464338847000731e-07,S8_D17 hbo,A,False,0.9961529137320693,False
ch_name[S8_D18 hbo]:Condition[A],5.304866107883969e-08,8.54628068430389e-08,0.6207221952851248,0.5347824232031093,-1.1445536235121987e-07,2.2055268450889924e-07,S8_D18 hbo,A,False,0.9441133410853934,False
ch_name[S8_D20 hbo]:Condition[A],-7.100759890622044e-08,8.54628068430389e-08,-0.8308596631588884,0.40605291301303226,-2.3851162233628e-07,9.649642452383912e-08,S8_D20 hbo,A,False,0.9165904054314674,False
ch_name[S9_D17 hbo]:Condition[A],-5.316924402784421e-08,8.54628068430389e-08,-0.6221331359440946,0.5338543279976606,-2.2067326745790376e-07,1.1433477940221535e-07,S9_D17 hbo,A,False,0.9441133410853934,False
ch_name[S9_D19 hbo]:Condition[A],-1.3044654379208797e-07,8.54628068430389e-08,-1.5263545466236121,0.12692159099251,-2.979505672221475e-07,3.7057479637971587e-08,S9_D19 hbo,A,False,0.702123103135983,False
ch_name[S9_D20 hbo]:Condition[A],-1.407217428049562e-07,8.54628068430389e-08,-1.6465846138590547,0.09964345511353866,-3.0822576623501574e-07,2.678228062510337e-08,S9_D20 hbo,A,False,0.6918639902223062,False
ch_name[S9_D21 hbo]:Condition[A],-1.365028363820079e-07,8.54628068430389e-08,-1.5972192047554579,0.11021685326795753,-3.0400685981206745e-07,3.100118704805167e-08,S9_D21 hbo,A,False,0.702123103135983,False
ch_name[S10_D18 hbo]:Condition[AV],2.893748686661051e-07,8.54628068430389e-08,3.3859743127507076,0.0007092602235278182,1.2187084523604554e-07,4.5687889209616466e-07,S10_D18 hbo,AV,True,0.07110487774322793,False
ch_name[S10_D20 hbo]:Condition[AV],1.3074898601517296e-07,8.546280684303892e-08,1.5298934220041085,0.12604311185905226,-3.675503741488665e-08,2.9825300944523257e-07,S10_D20 hbo,AV,False,0.702123103135983,False
ch_name[S10_D22 hbo]:Condition[AV],2.0919111179657008e-07,8.546280684303892e-08,2.4477444577823273,0.01437535708987206,4.1687088366510464e-08,3.7669513522662966e-07,S10_D22 hbo,AV,True,0.35267542727152784,False
ch_name[S10_D30 hbo]:Condition[AV],1.4221122949044624e-08,3.062948759639191e-07,0.04642951634202279,0.9629679112351289,-5.861058025894e-07,6.145480484874892e-07,S10_D30 hbo,AV,False,0.9961529137320693,False
ch_name[S11_D19 hbo]:Condition[AV],7.284715365832412e-08,8.546280684303891e-08,0.8523842867940821,0.39400083845731637,-9.465686977173546e-08,2.403511770883837e-07,S11_D19 hbo,AV,False,0.9165904054314674,False
ch_name[S11_D21 hbo]:Condition[AV],-2.94116407813366e-08,8.54628068430389e-08,-0.34414550455093357,0.7307368628865121,-1.9691566421139617e-07,1.3809238264872295e-07,S11_D21 hbo,AV,False,0.9916176267940827,False
ch_name[S11_D23 hbo]:Condition[AV],-2.2295847501388233e-08,8.54628068430389e-08,-0.26088363259981406,0.7941822471801885,-1.897998709314478e-07,1.4520817592867132e-07,S11_D23 hbo,AV,False,0.9961529137320693,False
ch_name[S12_D20 hbo]:Condition[AV],-7.321567426456174e-08,8.546280684303891e-08,-0.8566963451016736,0.3916127237763001,-2.407196976946213e-07,9.428834916549785e-08,S12_D20 hbo,AV,False,0.9165904054314674,False
ch_name[S12_D21 hbo]:Condition[AV],-1.0482310268785583e-07,8.54628068430389e-08,-1.226534753069532,0.21999750551793418,-2.723271261179154e-07,6.268092074220373e-08,S12_D21 hbo,AV,False,0.8752826851261408,False
ch_name[S12_D22 hbo]:Condition[AV],-6.559547244506388e-09,8.54628068430389e-08,-0.07675323906168517,0.9388198507684993,-1.7406357067456594e-07,1.6094447618555318e-07,S12_D22 hbo,AV,False,0.9961529137320693,False
ch_name[S12_D24 hbo]:Condition[AV],-6.752611716196511e-08,8.546280684303891e-08,-0.7901228576073291,0.429456022037901,-2.350301405920247e-07,9.997790626809448e-08,S12_D24 hbo,AV,False,0.9165904054314674,False
ch_name[S13_D21 hbo]:Condition[AV],-1.0732508517919139e-07,8.546280684303888e-08,-1.2558104413339104,0.20918470506571318,-2.748291086092509e-07,6.017893825086814e-08,S13_D21 hbo,AV,False,0.8752826851261408,False
ch_name[S13_D23 hbo]:Condition[AV],-1.0335168366600054e-07,8.54628068430389e-08,-1.2093176843093438,0.22654081936421244,-2.7085570709606007e-07,6.415233976405902e-08,S13_D23 hbo,AV,False,0.8752826851261408,False
ch_name[S13_D24 hbo]:Condition[AV],-7.733303851317354e-08,8.546280684303891e-08,-0.9048736095832131,0.3655323494399496,-2.448370619432331e-07,9.017098491688605e-08,S13_D24 hbo,AV,False,0.9165904054314674,False
ch_name[S13_D25 hbo]:Condition[AV],-5.7372068992161886e-08,8.54628068430389e-08,-0.6713103759572454,0.5020228260465519,-2.2487609242222144e-07,1.1013195443789768e-07,S13_D25 hbo,AV,False,0.9237219999256555,False
ch_name[S13_D31 hbo]:Condition[AV],-6.790131726620494e-08,3.062948759639191e-07,-0.22168610249361004,0.8245582495493788,-6.682282428046495e-07,5.324256082722397e-07,S13_D31 hbo,AV,False,0.9961529137320693,False
ch_name[S14_D22 hbo]:Condition[AV],-4.344648587997617e-08,8.54628068430389e-08,-0.5083671773122318,0.6111958667695518,-2.1095050931003572e-07,1.240575375500834e-07,S14_D22 hbo,AV,False,0.9441133410853934,False
ch_name[S14_D24 hbo]:Condition[AV],-4.33107040750746e-08,8.54628068430389e-08,-0.5067783948942737,0.6123103172610431,-2.1081472750513415e-07,1.2419331935498497e-07,S14_D24 hbo,AV,False,0.9441133410853934,False
ch_name[S14_D26 hbo]:Condition[AV],1.3123430654833516e-07,8.546280684303892e-08,1.535572155842719,0.124643347578591,-3.626971688172445e-08,2.9873832997839475e-07,S14_D26 hbo,AV,False,0.702123103135983,False
ch_name[S15_D11 hbo]:Condition[AV],-4.628629933346916e-09,8.546280684303892e-08,-0.05415958244675795,0.9568080219306339,-1.7213265336340652e-07,1.628753934967127e-07,S15_D11 hbo,AV,False,0.9961529137320693,False
ch_name[S15_D14 hbo]:Condition[AV],9.787341981745925e-08,8.54628068430389e-08,1.1452165384319017,0.25211946908524707,-6.963060361260031e-08,2.653774432475188e-07,S15_D14 hbo,AV,False,0.8752826851261408,False
ch_name[S15_D25 hbo]:Condition[AV],6.65480842135358e-08,8.54628068430389e-08,0.7786788975437946,0.43616888992833147,-1.0095593921652376e-07,2.3405210764359535e-07,S15_D25 hbo,AV,False,0.9165904054314674,False
ch_name[S16_D14 hbo]:Condition[AV],6.465059562856109e-08,8.54628068430389e-08,0.7564763903354877,0.4493636225901406,-1.0285342780149847e-07,2.3215461905862066e-07,S16_D14 hbo,AV,False,0.9165904054314674,False
ch_name[S16_D25 hbo]:Condition[AV],1.255333309716674e-07,8.54628068430389e-08,1.4688650608237346,0.14186939299891005,-4.197069245839215e-08,2.9303735440172694e-07,S16_D25 hbo,AV,False,0.7251102308833179,False
ch_name[S16_D26 hbo]:Condition[AV],9.808716073364954e-08,8.54628068430389e-08,1.147717520134771,0.251085196109896,-6.941686269641002e-08,2.6559118416370907e-07,S16_D26 hbo,AV,False,0.8752826851261408,False
ch_name[S16_D27 hbo]:Condition[AV],8.635633456332717e-08,8.546280684303891e-08,1.010455164688533,0.31227726976604886,-8.114768886673242e-08,2.5386035799338674e-07,S16_D27 hbo,AV,False,0.9165904054314674,False
ch_name[S16_D32 hbo]:Condition[AV],-3.6472892681457097e-07,3.062948759639191e-07,-1.190777108715117,0.23374109767589413,-9.650558523530156e-07,2.3559799872387362e-07,S16_D32 hbo,AV,False,0.8752826851261408,False
ch_name[S17_D13 hbo]:Condition[AV],7.534691216876638e-08,8.546280684303891e-08,0.8816339522659092,0.37797478841533705,-9.21571112612932e-08,2.4285093559882597e-07,S17_D13 hbo,AV,False,0.9165904054314674,False
ch_name[S17_D14 hbo]:Condition[AV],4.294035818110522e-07,8.546280684303888e-08,5.024449789014015,5.048778638442801e-07,2.6189955838099263e-07,5.969076052411118e-07,S17_D14 hbo,AV,True,0.00018579505389469507,True
ch_name[S17_D27 hbo]:Condition[AV],-1.3229024021741025e-07,8.54628068430389e-08,-1.547927631962459,0.12163972101365221,-2.997942636474698e-07,3.521378321264931e-08,S17_D27 hbo,AV,False,0.702123103135983,False
ch_name[S18_D26 hbo]:Condition[AV],9.165357700573972e-08,8.54628068430389e-08,1.072438179734382,0.2835232669792169,-7.585044642431984e-08,2.591576004357993e-07,S18_D26 hbo,AV,False,0.9165904054314674,False
ch_name[S18_D27 hbo]:Condition[AV],1.657273719442876e-08,8.54628068430389e-08,0.19391753918012863,0.8462404500957568,-1.509312862356308e-07,1.8407676062448832e-07,S18_D27 hbo,AV,False,0.9961529137320693,False
ch_name[S19_D33 hbo]:Condition[AV],-3.6694776967650446e-08,3.062948759639191e-07,-0.11980212483859187,0.9046398986905051,-6.37021702506095e-07,5.636321485707942e-07,S19_D33 hbo,AV,False,0.9961529137320693,False
ch_name[S19_D4 hbo]:Condition[AV],1.7971111988892023e-07,8.546280684303888e-08,2.102799176944632,0.03548332801442703,1.2207096458860699e-08,3.4721514331897976e-07,S19_D4 hbo,AV,True,0.46857567370066106,False
ch_name[S19_D6 hbo]:Condition[AV],1.8374833612070925e-07,8.54628068430389e-08,2.1500386297653633,0.03155215929141546,1.624431269064969e-08,3.512523595507688e-07,S19_D6 hbo,AV,True,0.46857567370066106,False
ch_name[S19_D8 hbo]:Condition[AV],2.1501595613722383e-07,8.546280684303888e-08,2.515900940769737,0.011872854784487085,4.75119327071643e-08,3.8251997956728337e-07,S19_D8 hbo,AV,True,0.31208646862080336,False
ch_name[S1_D2 hbo]:Condition[AV],-1.8401728487493598e-07,8.54628068430389e-08,-2.1531855981854466,0.031304095071827374,-3.5152130830499554e-07,-1.6513261444876425e-08,S1_D2 hbo,AV,True,0.46857567370066106,False
ch_name[S1_D4 hbo]:Condition[AV],-1.6397247650254988e-07,8.54628068430389e-08,-1.9186413664566615,0.055029736628356606,-3.3147649993260943e-07,3.5315469275096822e-09,S1_D4 hbo,AV,False,0.5329195547167166,False
ch_name[S20_D3 hbo]:Condition[AV],2.1169129573902625e-08,8.546280684303888e-08,0.24769991012326426,0.8043666014139144,-1.463348938561569e-07,1.8867315300396217e-07,S20_D3 hbo,AV,False,0.9961529137320693,False
ch_name[S20_D5 hbo]:Condition[AV],-8.736048572143838e-09,8.546280684303888e-08,-0.10222047338309959,0.918581677465315,-1.7624007200220336e-07,1.587679748579157e-07,S20_D5 hbo,AV,False,0.9961529137320693,False
ch_name[S20_D6 hbo]:Condition[AV],1.9392749068474282e-08,8.546280684303891e-08,0.22691448812453618,0.8204902359952417,-1.481112743615853e-07,1.8689677249853387e-07,S20_D6 hbo,AV,False,0.9961529137320693,False
ch_name[S20_D7 hbo]:Condition[AV],-5.113815251289189e-08,8.54628068430389e-08,-0.5983673413255931,0.5495948522083081,-2.1864217594295144e-07,1.1636587091716768e-07,S20_D7 hbo,AV,False,0.9441133410853934,False
ch_name[S21_D10 hbo]:Condition[AV],-1.0171422109994126e-07,8.54628068430389e-08,-1.190157740626864,0.23398439933166015,-2.692182445300008e-07,6.57898023301183e-08,S21_D10 hbo,AV,False,0.8752826851261408,False
ch_name[S21_D6 hbo]:Condition[AV],5.262322051194188e-08,8.54628068430389e-08,0.6157441167195662,0.5380634154083268,-1.1488080291811768e-07,2.2012724394200144e-07,S21_D6 hbo,AV,False,0.9441133410853934,False
ch_name[S21_D7 hbo]:Condition[AV],-1.2766449743576134e-07,8.54628068430389e-08,-1.493801832067488,0.13522742255784123,-2.9516852086582087e-07,3.983952599429822e-08,S21_D7 hbo,AV,False,0.702123103135983,False
ch_name[S21_D8 hbo]:Condition[AV],3.7673436665986315e-08,8.54628068430389e-08,0.44081674891836164,0.6593456671190827,-1.2983058676407324e-07,2.0517746009604587e-07,S21_D8 hbo,AV,False,0.9628539900786605,False
ch_name[S22_D5 hbo]:Condition[AV],-4.796288279477494e-08,8.54628068430389e-08,-0.5612135216066988,0.574651986222737,-2.154669062248345e-07,1.1954114063528461e-07,S22_D5 hbo,AV,False,0.9441133410853934,False
ch_name[S22_D7 hbo]:Condition[AV],-1.517532797991933e-08,8.54628068430389e-08,-0.177566458913412,0.8590634677883989,-1.826793514099789e-07,1.5232869545014022e-07,S22_D7 hbo,AV,False,0.9961529137320693,False
ch_name[S22_D9 hbo]:Condition[AV],-1.4573245728004249e-08,8.54628068430389e-08,-0.17052149661746416,0.8646000300755574,-1.820772691580638e-07,1.529307777020553e-07,S22_D9 hbo,AV,False,0.9961529137320693,False
ch_name[S23_D10 hbo]:Condition[AV],-2.7432437438990003e-08,8.54628068430389e-08,-0.32098685325620596,0.7482203537660541,-1.9493646086904955e-07,1.4007158599106957e-07,S23_D10 hbo,AV,False,0.9938528632149936,False
ch_name[S23_D12 hbo]:Condition[AV],4.3207185351138455e-08,8.546280684303891e-08,0.5055671226723553,0.6131605666288289,-1.2429683807892112e-07,2.1071120878119805e-07,S23_D12 hbo,AV,False,0.9441133410853934,False
ch_name[S23_D8 hbo]:Condition[AV],9.86574870845735e-08,8.54628068430389e-08,1.154390906745761,0.24833994151847016,-6.884653634548606e-08,2.6616151051463305e-07,S23_D8 hbo,AV,False,0.8752826851261408,False
ch_name[S24_D10 hbo]:Condition[AV],-7.243657648066147e-08,8.54628068430389e-08,-0.84758012469329,0.3966718470521361,-2.3994059991072106e-07,9.506744694939809e-08,S24_D10 hbo,AV,False,0.9165904054314674,False
ch_name[S24_D11 hbo]:Condition[AV],-8.769103096030677e-08,8.54628068430389e-08,-1.0260724424995804,0.30485743870849025,-2.551950543903663e-07,7.981299246975278e-08,S24_D11 hbo,AV,False,0.9165904054314674,False
ch_name[S24_D34 hbo]:Condition[AV],-2.156292929833944e-07,3.062948759639191e-07,-0.7039924918913599,0.4814374493462631,-8.15956218521839e-07,3.846976325550502e-07,S24_D34 hbo,AV,False,0.9165904054314674,False
ch_name[S24_D7 hbo]:Condition[AV],-3.22885950742505e-08,8.54628068430389e-08,-0.3778087365367227,0.705572683122694,-1.9979261850431006e-07,1.3521542835580905e-07,S24_D7 hbo,AV,False,0.9743060704991442,False
ch_name[S24_D9 hbo]:Condition[AV],2.154074216185741e-09,8.54628068430389e-08,0.025204814769797072,0.9798915965465869,-1.6534994921387382e-07,1.696580976462453e-07,S24_D9 hbo,AV,False,0.9961529137320693,False
ch_name[S25_D11 hbo]:Condition[AV],4.9570224612348736e-08,8.54628068430389e-08,0.5800210225178946,0.5619004411407529,-1.1793379881771082e-07,2.170742480424083e-07,S25_D11 hbo,AV,False,0.9441133410853934,False
ch_name[S25_D12 hbo]:Condition[AV],2.394225613641241e-07,8.54628068430389e-08,2.801482542035483,0.005086839336011937,7.191853793406454e-08,4.0692658479418365e-07,S25_D12 hbo,AV,True,0.20799520840582142,False
ch_name[S25_D13 hbo]:Condition[AV],1.9424211949604969e-07,8.54628068430389e-08,2.2728263518514553,0.02303664636569508,2.673809606599013e-08,3.6174614292610924e-07,S25_D13 hbo,AV,True,0.4651668017471734,False
ch_name[S25_D14 hbo]:Condition[AV],1.8053846280655934e-07,8.546280684303888e-08,2.1124799134919185,0.03464530704024155,1.3034439376499806e-08,3.4804248623661887e-07,S25_D14 hbo,AV,True,0.46857567370066106,False
ch_name[S25_D35 hbo]:Condition[AV],-2.1476201898898128e-07,3.062948759639191e-07,-0.7011609917179281,0.48320255068941487,-8.150889445274259e-07,3.855649065494633e-07,S25_D35 hbo,AV,False,0.9165904054314674,False
ch_name[S26_D12 hbo]:Condition[AV],7.340606042799043e-08,8.546280684303891e-08,0.858924052925246,0.3903824181699139,-9.409796300206915e-08,2.4091008385805003e-07,S26_D12 hbo,AV,False,0.9165904054314674,False
ch_name[S26_D13 hbo]:Condition[AV],-8.353703594387725e-08,8.54628068430389e-08,-0.9774665615336211,0.3283382243331927,-2.510410593739368e-07,8.39669874861823e-08,S26_D13 hbo,AV,False,0.9165904054314674,False
ch_name[S2_D1 hbo]:Condition[AV],-7.866942047781061e-08,8.54628068430389e-08,-0.920510610215447,0.3573059909948031,-2.4617344390787017e-07,8.883460295224894e-08,S2_D1 hbo,AV,False,0.9165904054314674,False
ch_name[S2_D2 hbo]:Condition[AV],-5.7977080707598456e-08,8.54628068430389e-08,-0.6783896158954765,0.49752469134408706,-2.25481104137658e-07,1.0952694272246111e-07,S2_D2 hbo,AV,False,0.922600371987838,False
ch_name[S2_D28 hbo]:Condition[AV],-5.073081785432496e-07,3.062948759639191e-07,-1.656273801338451,0.09766638351217936,-1.1076351040816943e-06,9.301874699519502e-08,S2_D28 hbo,AV,False,0.6911774833169617,False
ch_name[S2_D3 hbo]:Condition[AV],-6.707954180701237e-08,8.546280684303891e-08,-0.784897480961639,0.4325136791174481,-2.3458356523707196e-07,1.0042448162304722e-07,S2_D3 hbo,AV,False,0.9165904054314674,False
ch_name[S3_D2 hbo]:Condition[AV],1.7555340364097822e-07,8.546280684303891e-08,2.054149753861932,0.039961199810032245,8.049380210918639e-09,3.430574270710378e-07,S3_D2 hbo,AV,True,0.4901907176697289,False
ch_name[S3_D3 hbo]:Condition[AV],1.1292807769689831e-07,8.54628068430389e-08,1.3213710369272351,0.1863776783970591,-5.457594573316125e-08,2.804321011269579e-07,S3_D3 hbo,AV,False,0.8752826851261408,False
ch_name[S3_D4 hbo]:Condition[AV],2.804450922597602e-07,8.546280684303888e-08,3.281487030666171,0.0010326127316705818,1.1294106882970068e-07,4.4794911568981977e-07,S3_D4 hbo,AV,True,0.07600029705095482,False
ch_name[S3_D6 hbo]:Condition[AV],1.6495394298113627e-07,8.546280684303888e-08,1.9301255022443966,0.053591289300621466,-2.5500804489232587e-09,3.3245796641119583e-07,S3_D6 hbo,AV,False,0.5329195547167166,False
ch_name[S4_D1 hbo]:Condition[AV],5.6792323293917816e-08,8.546280684303891e-08,0.6645267735966438,0.5063532188583164,-1.1071170013614177e-07,2.242963467239774e-07,S4_D1 hbo,AV,False,0.927054649452042,False
ch_name[S4_D3 hbo]:Condition[AV],-6.338093871951706e-08,8.54628068430389e-08,-0.7416201393422823,0.4583175179948882,-2.308849621495766e-07,1.041230847105425e-07,S4_D3 hbo,AV,False,0.9165904054314674,False
ch_name[S4_D5 hbo]:Condition[AV],4.213711434547061e-09,8.54628068430389e-08,0.0493046225627245,0.9606765357278425,-1.632903119955125e-07,1.7171773486460662e-07,S4_D5 hbo,AV,False,0.9961529137320693,False
ch_name[S5_D15 hbo]:Condition[AV],-1.4206021267484615e-07,8.546280684303887e-08,-1.662246045063254,0.09646345116757014,-3.0956423610490565e-07,2.5443810755213357e-08,S5_D15 hbo,AV,False,0.6911774833169617,False
ch_name[S5_D16 hbo]:Condition[AV],-7.631657718891898e-08,8.54628068430389e-08,-0.8929799992303331,0.3718678835868968,-2.438206006189785e-07,9.118744624114058e-08,S5_D16 hbo,AV,False,0.9165904054314674,False
ch_name[S5_D17 hbo]:Condition[AV],-1.2192001093496548e-07,8.54628068430389e-08,-1.4265856158794776,0.15369937273761755,-2.89424034365025e-07,4.5584012495094077e-08,S5_D17 hbo,AV,False,0.774813276266346,False
ch_name[S5_D29 hbo]:Condition[AV],-5.573088174098634e-07,3.06294875963919e-07,-1.8195172728763291,0.06883255003822583,-1.157635742948308e-06,4.3018108128581074e-08,S5_D29 hbo,AV,False,0.5756904185015251,False
ch_name[S6_D16 hbo]:Condition[AV],1.679609436954632e-07,8.54628068430389e-08,1.9653104069462695,0.0493783218158198,4.5692026540362893e-10,3.3546496712552274e-07,S6_D16 hbo,AV,True,0.5329195547167166,False
ch_name[S6_D18 hbo]:Condition[AV],2.899246880313389e-07,8.546280684303891e-08,3.392407747194811,0.0006928125734290503,1.2242066460127931e-07,4.5742871146139846e-07,S6_D18 hbo,AV,True,0.07110487774322793,False
ch_name[S7_D15 hbo]:Condition[AV],-1.5175473745591426e-07,8.54628068430389e-08,-1.775681645170246,0.0757854043768049,-3.192587608859738e-07,1.5749285974145295e-08,S7_D15 hbo,AV,False,0.6062832350144391,False
ch_name[S7_D17 hbo]:Condition[AV],-7.268061952420829e-08,8.54628068430389e-08,-0.8504356714809708,0.3950829109230324,-2.401846429542679e-07,9.482340390585127e-08,S7_D17 hbo,AV,False,0.9165904054314674,False
ch_name[S7_D19 hbo]:Condition[AV],-4.884222689802461e-09,8.54628068430389e-08,-0.05715027238425285,0.9544254902600298,-1.7238824611986203e-07,1.6261980074025708e-07,S7_D19 hbo,AV,False,0.9961529137320693,False
ch_name[S8_D16 hbo]:Condition[AV],1.6610327423082455e-07,8.546280684303891e-08,1.9435738231239001,0.051946865040027865,-1.4007491992350299e-09,3.3360729766088414e-07,S8_D16 hbo,AV,False,0.5329195547167166,False
ch_name[S8_D17 hbo]:Condition[AV],3.346623254658845e-08,8.54628068430389e-08,0.39158826842713673,0.6953624574746483,-1.3403779088347112e-07,2.00970255976648e-07,S8_D17 hbo,AV,False,0.9743060704991442,False
ch_name[S8_D18 hbo]:Condition[AV],2.2515341676548512e-07,8.546280684303892e-08,2.6345193316550217,0.008425650572247825,5.764939333542551e-08,3.926574401955447e-07,S8_D18 hbo,AV,True,0.26129440982606306,False
ch_name[S8_D20 hbo]:Condition[AV],1.0511075199318907e-07,8.54628068430389e-08,1.22990053657184,0.21873435328289137,-6.239327143687049e-08,2.726147754232486e-07,S8_D20 hbo,AV,False,0.8752826851261408,False
ch_name[S9_D17 hbo]:Condition[AV],-7.283073682743105e-08,8.54628068430389e-08,-0.8521921935139818,0.39410742871462345,-2.403347602574906e-07,9.467328660262851e-08,S9_D17 hbo,AV,False,0.9165904054314674,False
ch_name[S9_D19 hbo]:Condition[AV],-6.896967856469747e-08,8.546280684303888e-08,-0.8070139644648846,0.419658437800437,-2.36473701994757e-07,9.853434486536206e-08,S9_D19 hbo,AV,False,0.9165904054314674,False
ch_name[S9_D20 hbo]:Condition[AV],-1.0979740216064503e-07,8.546280684303888e-08,-1.2847390135722911,0.19888350020434586,-2.7730142559070453e-07,5.77066212694145e-08,S9_D20 hbo,AV,False,0.8752826851261408,False
ch_name[S9_D21 hbo]:Condition[AV],-1.0583155464239539e-08,8.546280684303887e-08,-0.12383346458157617,0.9014471348293378,-1.7808717889429904e-07,1.5692086796581997e-07,S9_D21 hbo,AV,False,0.9961529137320693,False
ch_name[S10_D18 hbo]:Condition[V],5.876856954464798e-08,8.54628068430389e-08,0.6876508239728472,0.49167269456672524,-1.0873545388541158e-07,2.2627259297470755e-07,S10_D18 hbo,V,False,0.9214577354961395,False
ch_name[S10_D20 hbo]:Condition[V],-2.5417646621022752e-08,8.54628068430389e-08,-0.29741179303535903,0.7661521412694358,-1.929216700510823e-07,1.420863768090368e-07,S10_D20 hbo,V,False,0.9961529137320693,False
ch_name[S10_D22 hbo]:Condition[V],-8.30964697735243e-09,8.546280684303888e-08,-0.09723114983356373,0.9225428312438935,-1.7581367040741195e-07,1.591943764527071e-07,S10_D22 hbo,V,False,0.9961529137320693,False
ch_name[S10_D30 hbo]:Condition[V],-2.750444788816218e-07,3.062948759639191e-07,-0.897972837501929,0.3692000307348957,-8.753714044200664e-07,3.252824466568228e-07,S10_D30 hbo,V,False,0.9165904054314674,False
ch_name[S11_D19 hbo]:Condition[V],-6.025679618943218e-08,8.546280684303891e-08,-0.7050645586693622,0.48077006104698017,-2.2776081961949176e-07,1.072472272406274e-07,S11_D19 hbo,V,False,0.9165904054314674,False
ch_name[S11_D21 hbo]:Condition[V],6.114802640318674e-09,8.54628068430389e-08,0.07154928402420867,0.9429606020527718,-1.6138922078974088e-07,1.7361882607037824e-07,S11_D21 hbo,V,False,0.9961529137320693,False
ch_name[S11_D23 hbo]:Condition[V],-4.1206971622867224e-10,8.54628068430389e-08,-0.00482162628926382,0.9961529137320693,-1.6791609314628823e-07,1.670919537138309e-07,S11_D23 hbo,V,False,0.9961529137320693,False
ch_name[S12_D20 hbo]:Condition[V],-1.2940285666733958e-07,8.54628068430389e-08,-1.514142367275639,0.1299897351516719,-2.9690688009739914e-07,3.8101166762719974e-08,S12_D20 hbo,V,False,0.702123103135983,False
ch_name[S12_D21 hbo]:Condition[V],-8.415119377678896e-08,8.54628068430389e-08,-0.984652820160016,0.3247946348686045,-2.5165521720684855e-07,8.33528296532706e-08,S12_D21 hbo,V,False,0.9165904054314674,False
ch_name[S12_D22 hbo]:Condition[V],-2.2205904721547367e-09,8.54628068430389e-08,-0.0259831212451643,0.9792708012016504,-1.697246139022143e-07,1.652834329579048e-07,S12_D22 hbo,V,False,0.9961529137320693,False
ch_name[S12_D24 hbo]:Condition[V],-5.04524384505714e-08,8.546280684303888e-08,-0.5903438035124733,0.5549601779363345,-2.1795646188063093e-07,1.1705158497948813e-07,S12_D24 hbo,V,False,0.9441133410853934,False
ch_name[S13_D21 hbo]:Condition[V],-4.9282023156401664e-08,8.54628068430389e-08,-0.5766487783032108,0.5641767407936573,-2.1678604658646124e-07,1.182220002736579e-07,S13_D21 hbo,V,False,0.9441133410853934,False
ch_name[S13_D23 hbo]:Condition[V],3.937603920916678e-09,8.546280684303891e-08,0.04607388952422878,0.9632513570422908,-1.635664195091429e-07,1.7144162735097626e-07,S13_D23 hbo,V,False,0.9961529137320693,False
ch_name[S13_D24 hbo]:Condition[V],-5.779095876000416e-08,8.546280684303888e-08,-0.6762118036462706,0.4989061794173363,-2.252949821900637e-07,1.0971306467005537e-07,S13_D24 hbo,V,False,0.922600371987838,False
ch_name[S13_D25 hbo]:Condition[V],6.301745954414278e-09,8.546280684303887e-08,0.07373670707993567,0.9412198902515375,-1.6120227747564523e-07,1.7380576938447378e-07,S13_D25 hbo,V,False,0.9961529137320693,False
ch_name[S13_D31 hbo]:Condition[V],-3.560244671379258e-07,3.062948759639191e-07,-1.1623585475189757,0.2450898538109907,-9.563513926763703e-07,2.443024584005188e-07,S13_D31 hbo,V,False,0.8752826851261408,False
ch_name[S14_D22 hbo]:Condition[V],-7.837339234473796e-08,8.546280684303888e-08,-0.9170467860794539,0.35911812406227017,-2.458774157747975e-07,8.913063108532157e-08,S14_D22 hbo,V,False,0.9165904054314674,False
ch_name[S14_D24 hbo]:Condition[V],2.5999705513271297e-08,8.54628068430389e-08,0.3042224620708092,0.7609584131027547,-1.4150431791678826e-07,1.9350372894333086e-07,S14_D24 hbo,V,False,0.9961529137320693,False
ch_name[S14_D26 hbo]:Condition[V],1.1721114448610359e-07,8.546280684303891e-08,1.3714871862490277,0.1702231352707032,-5.0292878943955996e-08,2.847151679161632e-07,S14_D26 hbo,V,False,0.8352281837282505,False
ch_name[S15_D11 hbo]:Condition[V],8.287590690719566e-08,8.54628068430389e-08,0.9697306930183753,0.3321807471538991,-8.46281165228639e-08,2.5037993033725523e-07,S15_D11 hbo,V,False,0.9165904054314674,False
ch_name[S15_D14 hbo]:Condition[V],1.6649107344445697e-08,8.546280684303892e-08,0.19481114603482969,0.8455407961951215,-1.508549160856139e-07,1.8415313077450532e-07,S15_D14 hbo,V,False,0.9961529137320693,False
ch_name[S15_D25 hbo]:Condition[V],9.066066124531543e-08,8.54628068430389e-08,1.0608200759404371,0.288771676734763,-7.684336218474413e-08,2.5816468467537497e-07,S15_D25 hbo,V,False,0.9165904054314674,False
ch_name[S16_D14 hbo]:Condition[V],6.764692648842832e-08,8.54628068430389e-08,0.7915364471081409,0.42863101630081746,-9.985709694163124e-08,2.351509499184879e-07,S16_D14 hbo,V,False,0.9165904054314674,False
ch_name[S16_D25 hbo]:Condition[V],1.3306903700109054e-07,8.546280684303888e-08,1.557040330368336,0.11946091039343425,-3.443498642896899e-08,3.005730604311501e-07,S16_D25 hbo,V,False,0.702123103135983,False
ch_name[S16_D26 hbo]:Condition[V],1.2758722745509714e-07,8.546280684303891e-08,1.4928976962975717,0.13546396826808368,-3.991679597496245e-08,2.950912508851567e-07,S16_D26 hbo,V,False,0.702123103135983,False
ch_name[S16_D27 hbo]:Condition[V],9.835149373701907e-08,8.54628068430389e-08,1.150810479670432,0.24981021251018432,-6.915252969304049e-08,2.6585551716707864e-07,S16_D27 hbo,V,False,0.8752826851261408,False
ch_name[S16_D32 hbo]:Condition[V],2.449469845339578e-07,3.062948759639191e-07,0.7997097038045523,0.42387900940746426,-3.553799410044868e-07,8.452739100724025e-07,S16_D32 hbo,V,False,0.9165904054314674,False
ch_name[S17_D13 hbo]:Condition[V],1.1500490479116488e-07,8.54628068430389e-08,1.3456719833972108,0.17840832558597208,-5.249911863889468e-08,2.8250892822122445e-07,S17_D13 hbo,V,False,0.8526527768264639,False
ch_name[S17_D14 hbo]:Condition[V],1.8954008779577254e-07,8.546280684303888e-08,2.2178078955899747,0.0265679335500196,2.2036064365713007e-08,3.5704411122583207e-07,S17_D14 hbo,V,True,0.46857567370066106,False
ch_name[S17_D27 hbo]:Condition[V],-6.2767021966894e-08,8.546280684303888e-08,-0.7344367015954907,0.4626826252341578,-2.3027104539695354e-07,1.0473700146316553e-07,S17_D27 hbo,V,False,0.9165904054314674,False
ch_name[S18_D26 hbo]:Condition[V],1.6560510684156696e-07,8.54628068430389e-08,1.9377447682676456,0.05265436916613641,-1.8989165884926e-09,3.3310913027162654e-07,S18_D26 hbo,V,False,0.5329195547167166,False
ch_name[S18_D27 hbo]:Condition[V],3.782655819182051e-08,8.546280684303891e-08,0.4426084233495023,0.6580489910057018,-1.2967746523823908e-07,2.053305816218801e-07,S18_D27 hbo,V,False,0.9628539900786605,False
ch_name[S19_D33 hbo]:Condition[V],-2.713539228851092e-07,3.062948759639191e-07,-0.8859238080008696,0.3756585858272462,-8.716808484235538e-07,3.289730026533354e-07,S19_D33 hbo,V,False,0.9165904054314674,False
ch_name[S19_D4 hbo]:Condition[V],-7.776834369063052e-09,8.546280684303891e-08,-0.09099671139219655,0.92749520414541,-1.7528085779912265e-07,1.5972718906099652e-07,S19_D4 hbo,V,False,0.9961529137320693,False
ch_name[S19_D6 hbo]:Condition[V],4.812552714055516e-08,8.54628068430389e-08,0.5631166225202803,0.573355473193355,-1.193784962895044e-07,2.1562955057061472e-07,S19_D6 hbo,V,False,0.9441133410853934,False
ch_name[S19_D8 hbo]:Condition[V],-3.897498238415729e-08,8.546280684303891e-08,-0.45604613075415124,0.6483568060884513,-2.0647900581421688e-07,1.285290410459023e-07,S19_D8 hbo,V,False,0.9628539900786605,False
ch_name[S1_D2 hbo]:Condition[V],-8.508943978966354e-08,8.54628068430389e-08,-0.9956312334316251,0.319429353354426,-2.5259346321972313e-07,8.241458364039601e-08,S1_D2 hbo,V,False,0.9165904054314674,False
ch_name[S1_D4 hbo]:Condition[V],-2.873540946853162e-07,8.546280684303888e-08,-3.362329243562889,0.0007728791059046514,-4.548581181153757e-07,-1.1985007125525668e-07,S1_D4 hbo,V,True,0.07110487774322793,False
ch_name[S20_D3 hbo]:Condition[V],6.310489019066242e-08,8.54628068430389e-08,0.7383900964844385,0.4602774309650012,-1.0439913323939713e-07,2.30608913620722e-07,S20_D3 hbo,V,False,0.9165904054314674,False
ch_name[S20_D5 hbo]:Condition[V],4.6590526893989745e-08,8.546280684303891e-08,0.5451555900750833,0.5856465122897514,-1.2091349653606983e-07,2.1409455032404934e-07,S20_D5 hbo,V,False,0.9441133410853934,False
ch_name[S20_D6 hbo]:Condition[V],2.7893893397808038e-08,8.546280684303891e-08,0.3263863477949887,0.7441320653698136,-1.3961013003225153e-07,1.9539791682786764e-07,S20_D6 hbo,V,False,0.9924899476922217,False
ch_name[S20_D7 hbo]:Condition[V],-9.499140013726833e-09,8.546280684303888e-08,-0.11114940363675356,0.9114978729769363,-1.7700316344378636e-07,1.580048834163327e-07,S20_D7 hbo,V,False,0.9961529137320693,False
ch_name[S21_D10 hbo]:Condition[V],-7.608934832246877e-08,8.54628068430389e-08,-0.8903211950692723,0.37329344349067817,-2.4359337175252834e-07,9.141467510759079e-08,S21_D10 hbo,V,False,0.9165904054314674,False
ch_name[S21_D6 hbo]:Condition[V],-3.2330576095120506e-09,8.546280684303891e-08,-0.03782999563131466,0.969823228428214,-1.7073708103957164e-07,1.6427096582054753e-07,S21_D6 hbo,V,False,0.9961529137320693,False
ch_name[S21_D7 hbo]:Condition[V],-8.263999675777336e-08,8.546280684303888e-08,-0.9669703091960237,0.3335588764778501,-2.501440201878329e-07,8.486402667228617e-08,S21_D7 hbo,V,False,0.9165904054314674,False
ch_name[S21_D8 hbo]:Condition[V],-6.299168280867216e-08,8.54628068430389e-08,-0.7370654573089644,0.4610825441407824,-2.3049570623873173e-07,1.045123406213874e-07,S21_D8 hbo,V,False,0.9165904054314674,False
ch_name[S22_D5 hbo]:Condition[V],-8.585992576084957e-09,8.54628068430389e-08,-0.10046466870499587,0.9199754311776028,-1.7609001600614452e-07,1.589180308539746e-07,S22_D5 hbo,V,False,0.9961529137320693,False
ch_name[S22_D7 hbo]:Condition[V],6.51046982700326e-09,8.54628068430389e-08,0.07617898437340583,0.9392767021376095,-1.609935536030563e-07,1.7401449325706283e-07,S22_D7 hbo,V,False,0.9961529137320693,False
ch_name[S22_D9 hbo]:Condition[V],-6.009787224228262e-10,8.54628068430389e-08,-0.007032049901269736,0.9943892821944292,-1.6810500215248238e-07,1.6690304470763673e-07,S22_D9 hbo,V,False,0.9961529137320693,False
ch_name[S23_D10 hbo]:Condition[V],-3.213579500360105e-08,8.54628068430389e-08,-0.3760208234515594,0.706901415280629,-1.996398184336606e-07,1.3536822842645851e-07,S23_D10 hbo,V,False,0.9743060704991442,False
ch_name[S23_D12 hbo]:Condition[V],1.0482920810345239e-07,8.546280684303891e-08,1.2266061925157903,0.2199706405999713,-6.26748153266072e-08,2.72333231533512e-07,S23_D12 hbo,V,False,0.8752826851261408,False
ch_name[S23_D8 hbo]:Condition[V],-3.5293421379820426e-09,8.54628068430389e-08,-0.04129681984894361,0.9670592683022997,-1.710333655680416e-07,1.6397468129207752e-07,S23_D8 hbo,V,False,0.9961529137320693,False
ch_name[S24_D10 hbo]:Condition[V],-4.0977160315615105e-08,8.54628068430389e-08,-0.4794736076346499,0.6316017395231974,-2.0848118374567466e-07,1.2652686311444446e-07,S24_D10 hbo,V,False,0.9604522320022175,False
ch_name[S24_D11 hbo]:Condition[V],-3.2415050060859435e-08,8.54628068430389e-08,-0.3792883858868918,0.7044737232120232,-1.99919073490919e-07,1.3508897336920012e-07,S24_D11 hbo,V,False,0.9743060704991442,False
ch_name[S24_D34 hbo]:Condition[V],9.987516262999998e-08,3.062948759639191e-07,0.32607519899146165,0.7443674607691663,-5.004517629084446e-07,7.002020881684446e-07,S24_D34 hbo,V,False,0.9924899476922217,False
ch_name[S24_D7 hbo]:Condition[V],-2.6379541099470798e-09,8.54628068430389e-08,-0.03086669169188358,0.9753758534382312,-1.7014197754000665e-07,1.6486606932011247e-07,S24_D7 hbo,V,False,0.9961529137320693,False
ch_name[S24_D9 hbo]:Condition[V],1.803713178687828e-08,8.546280684303891e-08,0.21105241511673373,0.8328463710446176,-1.494668916431813e-07,1.8554115521693786e-07,S24_D9 hbo,V,False,0.9961529137320693,False
ch_name[S25_D11 hbo]:Condition[V],1.6853065198046683e-07,8.546280684303888e-08,1.9719765615701164,0.0486122822337984,1.0266285504073035e-09,3.3603467541052637e-07,S25_D11 hbo,V,True,0.5329195547167166,False
ch_name[S25_D12 hbo]:Condition[V],1.7997213257790866e-07,8.546280684303888e-08,2.1058532854934864,0.035217098555536674,1.2468109147849126e-08,3.474761560079682e-07,S25_D12 hbo,V,True,0.46857567370066106,False
ch_name[S25_D13 hbo]:Condition[V],1.29754769969427e-07,8.546280684303891e-08,1.518260103576223,0.12894884106495175,-3.774925346063258e-08,2.972587933994866e-07,S25_D13 hbo,V,False,0.702123103135983,False
ch_name[S25_D14 hbo]:Condition[V],1.378712664532701e-07,8.546280684303891e-08,1.6132312001697375,0.10669428737713639,-2.9632756976789474e-08,3.053752898833297e-07,S25_D14 hbo,V,False,0.702123103135983,False
ch_name[S25_D35 hbo]:Condition[V],-3.0785583378946965e-09,3.062948759639191e-07,-0.010050962583707553,0.9919806271554583,-6.034054838763393e-07,5.972483672005499e-07,S25_D35 hbo,V,False,0.9961529137320693,False
ch_name[S26_D12 hbo]:Condition[V],1.4290930533627382e-07,8.546280684303888e-08,1.6721812752855316,0.09448858166640214,-2.459471809378571e-08,3.1041332876633335e-07,S26_D12 hbo,V,False,0.6911774833169617,False
ch_name[S26_D13 hbo]:Condition[V],1.0274423957463405e-07,8.54628068430389e-08,1.2022099831489768,0.2292821824083049,-6.475978385542551e-08,2.702482630046936e-07,S26_D13 hbo,V,False,0.8752826851261408,False
ch_name[S2_D1 hbo]:Condition[V],-4.749285934842809e-08,8.54628068430389e-08,-0.5557137789267037,0.5784065355606337,-2.1499688277848765e-07,1.2001116408163146e-07,S2_D1 hbo,V,False,0.9441133410853934,False
ch_name[S2_D2 hbo]:Condition[V],-3.659083146962812e-08,8.54628068430389e-08,-0.4281491893524032,0.6685425063098713,-2.040948548996877e-07,1.3091319196043142e-07,S2_D2 hbo,V,False,0.9724254637234492,False
ch_name[S2_D28 hbo]:Condition[V],-6.646795701533765e-07,3.062948759639191e-07,-2.1700642822104355,0.03000197654209369,-1.265006495691821e-06,-6.435264461493186e-08,S2_D28 hbo,V,True,0.46857567370066106,False
ch_name[S2_D3 hbo]:Condition[V],5.093463538401642e-08,8.54628068430389e-08,0.5959859881218627,0.5511845873264523,-1.1656938804604314e-07,2.1843865881407597e-07,S2_D3 hbo,V,False,0.9441133410853934,False
ch_name[S3_D2 hbo]:Condition[V],6.838646522534055e-08,8.54628068430389e-08,0.8001897872479103,0.4236008459895143,-9.911755820471901e-08,2.358904886554001e-07,S3_D2 hbo,V,False,0.9165904054314674,False
ch_name[S3_D3 hbo]:Condition[V],6.34337910662255e-08,8.54628068430389e-08,0.7422385644638151,0.4579428069513166,-1.0407023236383406e-07,2.3093781449628506e-07,S3_D3 hbo,V,False,0.9165904054314674,False
ch_name[S3_D4 hbo]:Condition[V],1.4946070511305087e-07,8.54628068430389e-08,1.7488391808561894,0.08031882200002458,-1.8043318317008685e-08,3.1696472854311043e-07,S3_D4 hbo,V,False,0.6288792871491286,False
ch_name[S3_D6 hbo]:Condition[V],6.14366484300028e-08,8.546280684303888e-08,0.7188700055550181,0.47222101894135826,-1.0606737500005673e-07,2.2894067186006234e-07,S3_D6 hbo,V,False,0.9165904054314674,False
ch_name[S4_D1 hbo]:Condition[V],3.224234805129331e-08,8.546280684303888e-08,0.37726760028499473,0.7059747474931648,-1.3526167537876624e-07,1.9974637148135283e-07,S4_D1 hbo,V,False,0.9743060704991442,False
ch_name[S4_D3 hbo]:Condition[V],1.188027330936711e-08,8.546280684303891e-08,0.13901103589057676,0.8894414283426498,-1.5562375012069246e-07,1.793842967394267e-07,S4_D3 hbo,V,False,0.9961529137320693,False
ch_name[S4_D5 hbo]:Condition[V],4.533037033223262e-08,8.54628068430389e-08,0.5304105026118138,0.5958273457468581,-1.2217365309782694e-07,2.1283439376229218e-07,S4_D5 hbo,V,False,0.9441133410853934,False
ch_name[S5_D15 hbo]:Condition[V],-4.397370160729246e-08,8.546280684303892e-08,-0.5145361266691674,0.6068772091350114,-2.1147772503735208e-07,1.2353032182276714e-07,S5_D15 hbo,V,False,0.9441133410853934,False
ch_name[S5_D16 hbo]:Condition[V],-5.953719188051331e-08,8.54628068430389e-08,-0.6966444712008979,0.4860253176591459,-2.2704121531057288e-07,1.0796683154954624e-07,S5_D16 hbo,V,False,0.9172170097362344,False
ch_name[S5_D17 hbo]:Condition[V],-3.218221247005593e-08,8.546280684303891e-08,-0.3765639540620497,0.7064976795701658,-1.996862359001155e-07,1.3532181096000366e-07,S5_D17 hbo,V,False,0.9743060704991442,False
ch_name[S5_D29 hbo]:Condition[V],1.1408314170333101e-07,3.062948759639191e-07,0.3724618028437726,0.7095490463658696,-4.862437838351136e-07,7.144100672417756e-07,S5_D29 hbo,V,False,0.974306153218806,False
ch_name[S6_D16 hbo]:Condition[V],2.4842925158700406e-08,8.546280684303888e-08,0.29068697924147235,0.7712907308528809,-1.4266109827135912e-07,1.9234694858875994e-07,S6_D16 hbo,V,False,0.9961529137320693,False
ch_name[S6_D18 hbo]:Condition[V],1.4709501679728249e-08,8.546280684303891e-08,0.17211582702571115,0.8633464702754836,-1.5279452175033135e-07,1.8221352510978782e-07,S6_D18 hbo,V,False,0.9961529137320693,False
ch_name[S7_D15 hbo]:Condition[V],-4.917347432955883e-08,8.54628068430389e-08,-0.5753786488650074,0.5650352408941774,-2.1667749775961838e-07,1.1833054910050073e-07,S7_D15 hbo,V,False,0.9441133410853934,False
ch_name[S7_D17 hbo]:Condition[V],8.831034168264872e-10,8.546280684303891e-08,0.010333189950669371,0.9917554539930905,-1.6662092001323308e-07,1.6838712684688608e-07,S7_D17 hbo,V,False,0.9961529137320693,False
ch_name[S7_D19 hbo]:Condition[V],6.094040014370522e-08,8.546280684303891e-08,0.7130634061156971,0.47580652242446264,-1.0656362328635436e-07,2.2844442357376482e-07,S7_D19 hbo,V,False,0.9165904054314674,False
ch_name[S8_D16 hbo]:Condition[V],-4.029492689222723e-08,8.54628068430389e-08,-0.4714907967653455,0.6372902902980488,-2.077989503222868e-07,1.2720909653783232e-07,S8_D16 hbo,V,False,0.9628539900786605,False
ch_name[S8_D17 hbo]:Condition[V],1.4543908872914634e-08,8.54628068430389e-08,0.170178226180027,0.8648699749282343,-1.5296011455714493e-07,1.820479323029742e-07,S8_D17 hbo,V,False,0.9961529137320693,False
ch_name[S8_D18 hbo]:Condition[V],8.41038072578782e-08,8.546280684303891e-08,0.9840983506701734,0.32506715780554707,-8.340021617218139e-08,2.516078306879378e-07,S8_D18 hbo,V,False,0.9165904054314674,False
ch_name[S8_D20 hbo]:Condition[V],-5.546486440686021e-08,8.546280684303891e-08,-0.648994181863545,0.5163421368442416,-2.229688878369198e-07,1.1203915902319937e-07,S8_D20 hbo,V,False,0.9314407174445142,False
ch_name[S9_D17 hbo]:Condition[V],-1.6369623209698487e-08,8.54628068430389e-08,-0.1915409031646124,0.8481018376255516,-1.8387364663975804e-07,1.5113440022036108e-07,S9_D17 hbo,V,False,0.9961529137320693,False
ch_name[S9_D19 hbo]:Condition[V],2.994989238540059e-09,8.546280684303887e-08,0.03504435846625844,0.9720443696381196,-1.6450903419151944e-07,1.7049901266859957e-07,S9_D19 hbo,V,False,0.9961529137320693,False
ch_name[S9_D20 hbo]:Condition[V],-1.2033981001319109e-07,8.54628068430389e-08,-1.4080956904938464,0.15910273696352073,-2.8784383344325064e-07,4.716421341686847e-08,S9_D20 hbo,V,False,0.7912136108456166,False
ch_name[S9_D21 hbo]:Condition[V],-1.1167986147584296e-07,8.54628068430389e-08,-1.3067656633482017,0.1912923100478502,-2.7918388490590253e-07,5.58241619542166e-08,S9_D21 hbo,V,False,0.8752826851261408,False
ch_name[S10_D18 hbo]:Condition[W],1.9926829052857225e-07,8.546280684303891e-08,2.331637561290827,0.019719766084186657,3.1764267098512666e-08,3.6677231395863184e-07,S10_D18 hbo,W,True,0.42687493641062885,False
ch_name[S10_D20 hbo]:Condition[W],9.982070307305286e-08,8.546280684303891e-08,1.1680016929046535,0.24280608202510046,-6.768332035700673e-08,2.6732472650311246e-07,S10_D20 hbo,W,False,0.8752826851261408,False
ch_name[S10_D22 hbo]:Condition[W],1.566748357715209e-07,8.54628068430389e-08,1.8332516981248943,0.06676514889224537,-1.082918765853867e-08,3.2417885920158047e-07,S10_D22 hbo,W,False,0.5713854602871231,False
ch_name[S10_D30 hbo]:Condition[W],-5.258979099924668e-07,3.0629487596391913e-07,-1.716966071787686,0.08598537131252895,-1.1262248355309115e-06,7.442901554597794e-08,S10_D30 hbo,W,False,0.659221180062722,False
ch_name[S11_D19 hbo]:Condition[W],-1.357607584723656e-08,8.54628068430389e-08,-0.15885361537645726,0.8737842061105212,-1.810800992772961e-07,1.53927947582823e-07,S11_D19 hbo,W,False,0.9961529137320693,False
ch_name[S11_D21 hbo]:Condition[W],1.5076472365401737e-09,8.54628068430389e-08,0.01764097497182746,0.985925268455043,-1.6599637619351938e-07,1.6901167066659973e-07,S11_D21 hbo,W,False,0.9961529137320693,False
ch_name[S11_D23 hbo]:Condition[W],-3.138349238118628e-08,8.546280684303888e-08,-0.3672181331327586,0.7134563144777334,-1.9888751581124582e-07,1.3612053104887324e-07,S11_D23 hbo,W,False,0.9760294562371966,False
ch_name[S12_D20 hbo]:Condition[W],-2.9231568997726724e-08,8.54628068430389e-08,-0.3420384852490682,0.7323219299555359,-1.9673559242778629e-07,1.3827245443233283e-07,S12_D20 hbo,W,False,0.9916176267940827,False
ch_name[S12_D21 hbo]:Condition[W],8.153804878771002e-09,8.54628068430389e-08,0.09540764199034898,0.9239910463393557,-1.5935021855128857e-07,1.7565782830883055e-07,S12_D21 hbo,W,False,0.9961529137320693,False
ch_name[S12_D22 hbo]:Condition[W],4.861149836538182e-08,8.54628068430389e-08,0.5688029700997507,0.569489858824326,-1.1889252506467774e-07,2.1611552179544137e-07,S12_D22 hbo,W,False,0.9441133410853934,False
ch_name[S12_D24 hbo]:Condition[W],2.91619822972463e-08,8.54628068430389e-08,0.34122425151335406,0.7329347676304089,-1.3834204113281326e-07,1.9666600572730586e-07,S12_D24 hbo,W,False,0.9916176267940827,False
ch_name[S13_D21 hbo]:Condition[W],1.2139021247134028e-09,8.54628068430389e-08,0.014203864459341442,0.9886673369057899,-1.6629012130534614e-07,1.6871792555477297e-07,S13_D21 hbo,W,False,0.9961529137320693,False
ch_name[S13_D23 hbo]:Condition[W],-2.8664389780862716e-08,8.54628068430389e-08,-0.33540192324256063,0.737321917361657,-1.9616841321092227e-07,1.3883963364919685e-07,S13_D23 hbo,W,False,0.9924899476922217,False
ch_name[S13_D24 hbo]:Condition[W],-2.7947038945141102e-08,8.546280684303891e-08,-0.32700820365599115,0.7436616804164664,-1.954510623752007e-07,1.3955698448491848e-07,S13_D24 hbo,W,False,0.9924899476922217,False
ch_name[S13_D25 hbo]:Condition[W],3.777913336189528e-09,8.54628068430389e-08,0.044205350558261546,0.9647407170957802,-1.6372611009387004e-07,1.7128193676624908e-07,S13_D25 hbo,W,False,0.9961529137320693,False
ch_name[S13_D31 hbo]:Condition[W],1.5936142051338917e-07,3.062948759639191e-07,0.5202875823889448,0.6028631494644807,-4.4096550502505546e-07,7.596883460518337e-07,S13_D31 hbo,W,False,0.9441133410853934,False
ch_name[S14_D22 hbo]:Condition[W],-2.3151879148800864e-08,8.54628068430389e-08,-0.27090005587251115,0.7864679020522733,-1.906559025788604e-07,1.443521442812587e-07,S14_D22 hbo,W,False,0.9961529137320693,False
ch_name[S14_D24 hbo]:Condition[W],4.8261011084050356e-08,8.546280684303888e-08,0.5647019196629781,0.5722765283092706,-1.1924301234600917e-07,2.157650345141099e-07,S14_D24 hbo,W,False,0.9441133410853934,False
ch_name[S14_D26 hbo]:Condition[W],2.12360540500212e-08,8.54628068430389e-08,0.248482993181155,0.8037607270125948,-1.4626796938003837e-07,1.8874007748008075e-07,S14_D26 hbo,W,False,0.9961529137320693,False
ch_name[S15_D11 hbo]:Condition[W],1.971664009860797e-08,8.54628068430389e-08,0.2307043359202978,0.8175445048127427,-1.4778738333145157e-07,1.8722066352866754e-07,S15_D11 hbo,W,False,0.9961529137320693,False
ch_name[S15_D14 hbo]:Condition[W],-8.626966005817882e-08,8.54628068430389e-08,-1.0094409866109568,0.3127631901921055,-2.5377368348823836e-07,8.123436337188074e-08,S15_D14 hbo,W,False,0.9165904054314674,False
ch_name[S15_D25 hbo]:Condition[W],4.348305516272326e-08,8.54628068430389e-08,0.5087950743600581,0.610895872346365,-1.240209682673363e-07,2.1098707859278283e-07,S15_D25 hbo,W,False,0.9441133410853934,False
ch_name[S16_D14 hbo]:Condition[W],-6.433216604641114e-08,8.54628068430389e-08,-0.7527504469232291,0.4515998891864732,-2.3183618947647068e-07,1.0317185738364842e-07,S16_D14 hbo,W,False,0.9165904054314674,False
ch_name[S16_D25 hbo]:Condition[W],-2.188057339828977e-09,8.54628068430389e-08,-0.025602451179114277,0.9795744309539276,-1.6969208076988853e-07,1.653159660902306e-07,S16_D25 hbo,W,False,0.9961529137320693,False
ch_name[S16_D26 hbo]:Condition[W],4.404135675658113e-08,8.546280684303891e-08,0.5153277593312321,0.6063240041290198,-1.2346266667347844e-07,2.1154538018664073e-07,S16_D26 hbo,W,False,0.9441133410853934,False
ch_name[S16_D27 hbo]:Condition[W],6.048564705158036e-08,8.546280684303891e-08,0.7077423417963368,0.4791052779527579,-1.0701837637847923e-07,2.2798967048163994e-07,S16_D27 hbo,W,False,0.9165904054314674,False
ch_name[S16_D32 hbo]:Condition[W],8.612675395510046e-08,3.062948759639191e-07,0.2811890133129293,0.7785654309606937,-5.142001715833441e-07,6.86453679493545e-07,S16_D32 hbo,W,False,0.9961529137320693,False
ch_name[S17_D13 hbo]:Condition[W],1.3546731595864588e-07,8.546280684303891e-08,1.5851025839514645,0.11294302860607666,-3.2036707471413705e-08,3.0297133938870544e-07,S17_D13 hbo,W,False,0.702123103135983,False
ch_name[S17_D14 hbo]:Condition[W],1.666641114005609e-07,8.546280684303892e-08,1.950136176859442,0.05115989035832119,-8.399120294987145e-10,3.341681348306205e-07,S17_D14 hbo,W,False,0.5329195547167166,False
ch_name[S17_D27 hbo]:Condition[W],8.202165101046828e-09,8.54628068430389e-08,0.09597350477981532,0.923541615527955,-1.5930185832901274e-07,1.7570618853110638e-07,S17_D27 hbo,W,False,0.9961529137320693,False
ch_name[S18_D26 hbo]:Condition[W],6.875644490662627e-08,8.54628068430389e-08,0.804518918187469,0.4210973480478891,-9.874757852343328e-08,2.3626046833668583e-07,S18_D26 hbo,W,False,0.9165904054314674,False
ch_name[S18_D27 hbo]:Condition[W],1.6176871389611e-08,8.54628068430389e-08,0.1892855148008591,0.8498690476215867,-1.5132715204044856e-07,1.8368089481967056e-07,S18_D27 hbo,W,False,0.9961529137320693,False
ch_name[S19_D33 hbo]:Condition[W],8.618832157870034e-07,3.062948759639191e-07,2.813900209968029,0.004894441938904727,2.6155629024855876e-07,1.4622101413254478e-06,S19_D33 hbo,W,True,0.20799520840582142,False
ch_name[S19_D4 hbo]:Condition[W],2.1790302621862503e-07,8.546280684303892e-08,2.5496825375607655,0.010782105054298679,5.039900278856542e-08,3.854070496486846e-07,S19_D4 hbo,W,True,0.3052165123063011,False
ch_name[S19_D6 hbo]:Condition[W],1.4190931443202143e-07,8.54628068430389e-08,1.6604803852587273,0.09681785064212119,-2.5594708998038128e-08,3.0941333786208096e-07,S19_D6 hbo,W,False,0.6911774833169617,False
ch_name[S19_D8 hbo]:Condition[W],9.874535976126703e-08,8.546280684303891e-08,1.1554191046243412,0.24791884216814453,-6.875866366879255e-08,2.662493831913266e-07,S19_D8 hbo,W,False,0.8752826851261408,False
ch_name[S1_D2 hbo]:Condition[W],1.8477576540579662e-08,8.54628068430389e-08,0.21620605761890788,0.8288271319188366,-1.490264468894799e-07,1.8598159997063923e-07,S1_D2 hbo,W,False,0.9961529137320693,False
ch_name[S1_D4 hbo]:Condition[W],-3.304540331026387e-08,8.546280684303891e-08,-0.3866641470242733,0.6990048620115755,-2.0054942674032346e-07,1.344586201197957e-07,S1_D4 hbo,W,False,0.9743060704991442,False
ch_name[S20_D3 hbo]:Condition[W],2.714268920290594e-08,8.546280684303891e-08,0.31759651017262086,0.7507910216678484,-1.4036133422715363e-07,1.9464671263296554e-07,S20_D3 hbo,W,False,0.9938528632149936,False
ch_name[S20_D5 hbo]:Condition[W],-3.3459633242277513e-09,8.546280684303892e-08,-0.039151104999078146,0.9687699162789528,-1.7084998675428737e-07,1.6415806010583186e-07,S20_D5 hbo,W,False,0.9961529137320693,False
ch_name[S20_D6 hbo]:Condition[W],1.0138673305337159e-07,8.546280684303891e-08,1.1863258041545321,0.23549366002869465,-6.6117290376688e-08,2.6889075648343115e-07,S20_D6 hbo,W,False,0.8752826851261408,False
ch_name[S20_D7 hbo]:Condition[W],5.674401934109913e-09,8.546280684303891e-08,0.06639615692158961,0.947062429785645,-1.6182962149594966e-07,1.731784253641695e-07,S20_D7 hbo,W,False,0.9961529137320693,False
ch_name[S21_D10 hbo]:Condition[W],-3.5562898427795035e-08,8.546280684303892e-08,-0.4161213484727911,0.6773212089784968,-2.0306692185785465e-07,1.3194112500226458e-07,S21_D10 hbo,W,False,0.9743060704991442,False
ch_name[S21_D6 hbo]:Condition[W],6.778969041917648e-08,8.54628068430389e-08,0.793206927355886,0.42765727214416993,-9.971433301088308e-08,2.3529371384923603e-07,S21_D6 hbo,W,False,0.9165904054314674,False
ch_name[S21_D7 hbo]:Condition[W],-5.0509485337231634e-08,8.546280684303891e-08,-0.5910113089311169,0.5545128436516333,-2.1801350876729123e-07,1.1699453809282794e-07,S21_D7 hbo,W,False,0.9441133410853934,False
ch_name[S21_D8 hbo]:Condition[W],4.451981516622052e-08,8.54628068430389e-08,0.520926199486821,0.6024181834437047,-1.2298420826383904e-07,2.1202383859628008e-07,S21_D8 hbo,W,False,0.9441133410853934,False
ch_name[S22_D5 hbo]:Condition[W],-8.475606465695314e-08,8.54628068430389e-08,-0.991730412185224,0.32132905141399326,-2.522600880870127e-07,8.274795877310641e-08,S22_D5 hbo,W,False,0.9165904054314674,False
ch_name[S22_D7 hbo]:Condition[W],-2.088313256887733e-08,8.546280684303888e-08,-0.24435346018100393,0.8069570827676118,-1.8838715599893686e-07,1.466208908611822e-07,S22_D7 hbo,W,False,0.9961529137320693,False
ch_name[S22_D9 hbo]:Condition[W],-5.029006067345178e-08,8.54628068430389e-08,-0.5884438217178447,0.5562344311858449,-2.1779408410351133e-07,1.1721396275660779e-07,S22_D9 hbo,W,False,0.9441133410853934,False
ch_name[S23_D10 hbo]:Condition[W],-1.9235218459693945e-08,8.54628068430389e-08,-0.22507122302946794,0.8219238673507447,-1.867392418897535e-07,1.4826880497036562e-07,S23_D10 hbo,W,False,0.9961529137320693,False
ch_name[S23_D12 hbo]:Condition[W],1.6754826988412845e-08,8.54628068430389e-08,0.19604817121423104,0.8445724623223503,-1.507491964416467e-07,1.842588504184724e-07,S23_D12 hbo,W,False,0.9961529137320693,False
ch_name[S23_D8 hbo]:Condition[W],1.1660938600027424e-08,8.54628068430389e-08,0.13644460123389018,0.8914698166586643,-1.5584308483003214e-07,1.7916496203008698e-07,S23_D8 hbo,W,False,0.9961529137320693,False
ch_name[S24_D10 hbo]:Condition[W],-2.2420860722843376e-08,8.546280684303888e-08,-0.2623464118610282,0.7930543831737855,-1.899248841529029e-07,1.4508316270721616e-07,S24_D10 hbo,W,False,0.9961529137320693,False
ch_name[S24_D11 hbo]:Condition[W],-1.3020139084335684e-08,8.54628068430389e-08,-0.15234860128393032,0.8789119939860239,-1.8052416251439524e-07,1.5448388434572388e-07,S24_D11 hbo,W,False,0.9961529137320693,False
ch_name[S24_D34 hbo]:Condition[W],-2.8428751384225298e-08,3.062948759639191e-07,-0.09281497542118253,0.9260505537023039,-6.287556769226699e-07,5.718981741542193e-07,S24_D34 hbo,W,False,0.9961529137320693,False
ch_name[S24_D7 hbo]:Condition[W],4.111342735040264e-09,8.54628068430389e-08,0.048106806772578406,0.9616311214683152,-1.633926806950193e-07,1.7161536616509982e-07,S24_D7 hbo,W,False,0.9961529137320693,False
ch_name[S24_D9 hbo]:Condition[W],-4.3377699809050494e-08,8.54628068430389e-08,-0.5075623117401004,0.6117603269315001,-2.1088172323911004e-07,1.2412632362100908e-07,S24_D9 hbo,W,False,0.9441133410853934,False
ch_name[S25_D11 hbo]:Condition[W],3.517914420188002e-08,8.54628068430389e-08,0.41163104163534064,0.6806098757173998,-1.3232487922817953e-07,2.0268316763193958e-07,S25_D11 hbo,W,False,0.9743060704991442,False
ch_name[S25_D12 hbo]:Condition[W],1.588621755825091e-07,8.54628068430389e-08,1.8588457535015854,0.06304900505182702,-8.641847847550464e-09,3.2636619901256865e-07,S25_D12 hbo,W,False,0.5713854602871231,False
ch_name[S25_D13 hbo]:Condition[W],2.0572241223552977e-07,8.546280684303891e-08,2.407157216511269,0.016077247073938355,3.821838880547019e-08,3.7322643566558933e-07,S25_D13 hbo,W,True,0.36977668270058217,False
ch_name[S25_D14 hbo]:Condition[W],8.530202114903816e-08,8.546280684303888e-08,0.9981186471643037,0.31822182893246287,-8.220200228102137e-08,2.528060445790977e-07,S25_D14 hbo,W,False,0.9165904054314674,False
ch_name[S25_D35 hbo]:Condition[W],2.2369410961142405e-07,3.062948759639191e-07,0.7303227287346942,0.46519293834629516,-3.7663281592702054e-07,8.240210351498686e-07,S25_D35 hbo,W,False,0.9165904054314674,False
ch_name[S26_D12 hbo]:Condition[W],1.9287767221024572e-07,8.54628068430389e-08,2.256860958995708,0.024016764220642105,2.537364878018616e-08,3.603816956403053e-07,S26_D12 hbo,W,True,0.4651668017471734,False
ch_name[S26_D13 hbo]:Condition[W],-4.244367307080947e-08,8.54628068430389e-08,-0.49663326818602593,0.6194476884700502,-2.0994769650086904e-07,1.2506035035925008e-07,S26_D13 hbo,W,False,0.9498197889874103,False
ch_name[S2_D1 hbo]:Condition[W],1.1674960231105332e-08,8.54628068430389e-08,0.13660866828944174,0.8913401244386794,-1.5582906319895422e-07,1.791789836611649e-07,S2_D1 hbo,W,False,0.9961529137320693,False
ch_name[S2_D2 hbo]:Condition[W],6.758622518317863e-08,8.54628068430389e-08,0.7908261813505328,0.42904542965260495,-9.991779824688092e-08,2.350902486132382e-07,S2_D2 hbo,W,False,0.9165904054314674,False
ch_name[S2_D28 hbo]:Condition[W],2.465621688602648e-07,3.062948759639191e-07,0.8049830023578629,0.42082948856440583,-3.537647566781798e-07,8.468890943987093e-07,S2_D28 hbo,W,False,0.9165904054314674,False
ch_name[S2_D3 hbo]:Condition[W],6.405205932028374e-08,8.54628068430389e-08,0.7494729191134786,0.4535722150619169,-1.0345196410977582e-07,2.315560827503433e-07,S2_D3 hbo,W,False,0.9165904054314674,False
ch_name[S3_D2 hbo]:Condition[W],1.8716684688953766e-07,8.54628068430389e-08,2.1900386121566138,0.028521436641810033,1.9662823459478106e-08,3.5467087031959725e-07,S3_D2 hbo,W,True,0.46857567370066106,False
ch_name[S3_D3 hbo]:Condition[W],1.2823995060025484e-07,8.546280684303888e-08,1.5005352075058864,0.13347582060065677,-3.926407282980469e-08,2.957439740303144e-07,S3_D3 hbo,W,False,0.702123103135983,False
ch_name[S3_D4 hbo]:Condition[W],2.4703651862729427e-07,8.54628068430389e-08,2.890573428988845,0.0038453968532678874,7.953249519723471e-08,4.1454054205735383e-07,S3_D4 hbo,W,True,0.20620427728111662,False
ch_name[S3_D6 hbo]:Condition[W],2.248285460063783e-07,8.54628068430389e-08,2.6307180200540183,0.00852046988563249,5.7324522576318734e-08,3.923325694364379e-07,S3_D6 hbo,W,True,0.26129440982606306,False
ch_name[S4_D1 hbo]:Condition[W],9.025880829066501e-08,8.54628068430389e-08,1.0561179959421934,0.29091430957464004,-7.724521513939454e-08,2.5776283172072456e-07,S4_D1 hbo,W,False,0.9165904054314674,False
ch_name[S4_D3 hbo]:Condition[W],-3.480785454468314e-08,8.546280684303888e-08,-0.40728658267228807,0.6837975161438747,-2.0231187797474267e-07,1.326961688853764e-07,S4_D3 hbo,W,False,0.9743060704991442,False
ch_name[S4_D5 hbo]:Condition[W],1.677699672078121e-09,8.546280684303888e-08,0.019630757917410632,0.9843379272873987,-1.658263237579814e-07,1.6918172310213765e-07,S4_D5 hbo,W,False,0.9961529137320693,False
ch_name[S5_D15 hbo]:Condition[W],-4.437264633201305e-08,8.546280684303888e-08,-0.5192041774793088,0.6036183662013184,-2.1187666976207258e-07,1.2313137709804648e-07,S5_D15 hbo,W,False,0.9441133410853934,False
ch_name[S5_D16 hbo]:Condition[W],2.185611280797146e-08,8.54628068430389e-08,0.2557382985105138,0.7981529203413249,-1.456479106220881e-07,1.8936013623803101e-07,S5_D16 hbo,W,False,0.9961529137320693,False
ch_name[S5_D17 hbo]:Condition[W],-1.269281976945644e-08,8.54628068430389e-08,-0.14851863914051044,0.8819334771715723,-1.8019684319951599e-07,1.5481120366060313e-07,S5_D17 hbo,W,False,0.9961529137320693,False
ch_name[S5_D29 hbo]:Condition[W],-3.8596357512983347e-07,3.062948759639191e-07,-1.2601045770524062,0.20763163935886275,-9.862905006682781e-07,2.1436335040861113e-07,S5_D29 hbo,W,False,0.8752826851261408,False
ch_name[S6_D16 hbo]:Condition[W],1.7954613278045347e-07,8.54628068430389e-08,2.1008686633731575,0.03565249691200682,1.2042109350393914e-08,3.4705015621051306e-07,S6_D16 hbo,W,True,0.46857567370066106,False
ch_name[S6_D18 hbo]:Condition[W],2.465036977611607e-07,8.54628068430389e-08,2.884338893922472,0.00392236397002124,7.899967433110114e-08,4.1400772119122026e-07,S6_D18 hbo,W,True,0.20620427728111662,False
ch_name[S7_D15 hbo]:Condition[W],-7.108985252784249e-08,8.546280684303888e-08,-0.8318221124939907,0.4055093605524738,-2.3859387595790204e-07,9.641417090221704e-08,S7_D15 hbo,W,False,0.9165904054314674,False
ch_name[S7_D17 hbo]:Condition[W],-3.8071321220940025e-08,8.546280684303888e-08,-0.4454723946858178,0.6559784049801627,-2.0557534465099955e-07,1.2943270220911951e-07,S7_D17 hbo,W,False,0.9628539900786605,False
ch_name[S7_D19 hbo]:Condition[W],-1.1180357951130709e-08,8.54628068430389e-08,-0.1308213287642725,0.895916650084044,-1.7868438138119026e-07,1.5632366547892886e-07,S7_D19 hbo,W,False,0.9961529137320693,False
ch_name[S8_D16 hbo]:Condition[W],1.5759909309775644e-07,8.54628068430389e-08,1.8440664298237144,0.06517345956375503,-9.904930332303114e-09,3.2510311652781603e-07,S8_D16 hbo,W,False,0.5713854602871231,False
ch_name[S8_D17 hbo]:Condition[W],3.2472913513427967e-08,8.54628068430389e-08,0.37996544594033477,0.7039710650666524,-1.350311099166316e-07,1.9997693694348752e-07,S8_D17 hbo,W,False,0.9743060704991442,False
ch_name[S8_D18 hbo]:Condition[W],1.715415890709985e-07,8.54628068430389e-08,2.007207525796011,0.044727570629344425,4.037565640938935e-09,3.39045612501058e-07,S8_D18 hbo,W,True,0.5309595481160887,False
ch_name[S8_D20 hbo]:Condition[W],1.011652048652406e-07,8.54628068430389e-08,1.1837337036102822,0.23651849292336036,-6.633881856481896e-08,2.686692282953002e-07,S8_D20 hbo,W,False,0.8752826851261408,False
ch_name[S9_D17 hbo]:Condition[W],-5.2185609091801086e-08,8.546280684303888e-08,-0.6106236270433436,0.5414487772952659,-2.1968963252186062e-07,1.1531841433825845e-07,S9_D17 hbo,W,False,0.9441133410853934,False
ch_name[S9_D19 hbo]:Condition[W],-1.715023426866639e-08,8.54628068430389e-08,-0.20067483039919964,0.8409528417815473,-1.8465425769872593e-07,1.5035378916139318e-07,S9_D19 hbo,W,False,0.9961529137320693,False
ch_name[S9_D20 hbo]:Condition[W],-3.814152524314647e-08,8.54628068430389e-08,-0.4462938517008603,0.6553849968811809,-2.0564554867320603e-07,1.293624981869131e-07,S9_D20 hbo,W,False,0.9628539900786605,False
ch_name[S9_D21 hbo]:Condition[W],-1.1963365867895954e-08,8.54628068430389e-08,-0.13998330162345227,0.8886731838490568,-1.7946738929795552e-07,1.555406575621636e-07,S9_D21 hbo,W,False,0.9961529137320693,False
